<?xml version="1.0" encoding="UTF-8"?>

<mule xmlns:dw="http://www.mulesoft.org/schema/mule/ee/dw" xmlns:jbossts="http://www.mulesoft.org/schema/mule/jbossts" xmlns:metadata="http://www.mulesoft.org/schema/mule/metadata" xmlns:http="http://www.mulesoft.org/schema/mule/http" xmlns:jms="http://www.mulesoft.org/schema/mule/jms" xmlns="http://www.mulesoft.org/schema/mule/core" xmlns:doc="http://www.mulesoft.org/schema/mule/documentation"
	xmlns:spring="http://www.springframework.org/schema/beans" 
	xmlns:xsi="http://www.w3.org/2001/XMLSchema-instance"
	xsi:schemaLocation="http://www.springframework.org/schema/beans http://www.springframework.org/schema/beans/spring-beans-current.xsd
http://www.mulesoft.org/schema/mule/core http://www.mulesoft.org/schema/mule/core/current/mule.xsd
http://www.mulesoft.org/schema/mule/http http://www.mulesoft.org/schema/mule/http/current/mule-http.xsd
http://www.mulesoft.org/schema/mule/ee/dw http://www.mulesoft.org/schema/mule/ee/dw/current/dw.xsd
http://www.mulesoft.org/schema/mule/jms http://www.mulesoft.org/schema/mule/jms/current/mule-jms.xsd
http://www.mulesoft.org/schema/mule/jbossts http://www.mulesoft.org/schema/mule/jbossts/current/mule-jbossts.xsd">
    <http:listener-config name="HTTP_Listener_Configuration" host="0.0.0.0" port="8082" doc:name="HTTP Listener Configuration"/>
    <http:request-config name="HTTP_Request_Configuration" host="reqres.in" port="80" doc:name="HTTP Request Configuration"/>
    <jms:activemq-connector name="Active_MQ" brokerURL="tcp://localhost:61616" validateConnections="true" doc:name="Active MQ"/>
    <flow name="jsontoxmltransformationFlow">
        <http:listener config-ref="HTTP_Listener_Configuration" path="/jsontoxml" allowedMethods="GET" doc:name="HTTP"/>
        <http:request config-ref="HTTP_Request_Configuration" path="/api/users/2" method="GET" doc:name="HTTP"/>
        <dw:transform-message doc:name="Transform Message" metadata:id="115939c4-d952-4de7-bf22-c578317894eb">
            <dw:input-payload mimeType="application/json"/>
            <dw:set-payload><![CDATA[%dw 1.0
%output application/xml
---
{
	data: {
		data: {
			avatar: payload.data.avatar,
			first_name: payload.data.first_name,
			id: payload.data.id,
			last_name: payload.data.last_name
		}
	}
}]]></dw:set-payload>
        </dw:transform-message>
        <logger message="#[message.payload]" level="INFO" doc:name="Logger"/>
    </flow>
    <flow name="jsontoxmltransformationFlow1">
        <http:listener config-ref="HTTP_Listener_Configuration" path="/jsontoxml1" doc:name="HTTP"/>
        <http:request config-ref="HTTP_Request_Configuration" path="/api/users?page=3" method="GET" doc:name="HTTP"/>
        <dw:transform-message doc:name="Transform Message" metadata:id="9a1a4e07-f683-4183-b762-75258bf72fae">
            <dw:input-payload mimeType="application/json"/>
            <dw:set-payload><![CDATA[%dw 1.0
%output application/xml
---
{
	users: {
		(payload.data map ((datum , indexOfDatum) -> {
			user: {
				id: datum.id,
				name: datum.first_name,
				street: datum.last_name
			}
		}))
	}
}]]></dw:set-payload>
        </dw:transform-message>

        <logger message="#[message.payload]" level="INFO" doc:name="Logger"/>
    </flow>
</mule>
